epoch,time,train/box_loss,train/pose_loss,train/kobj_loss,train/cls_loss,train/dfl_loss,metrics/precision(B),metrics/recall(B),metrics/mAP50(B),metrics/mAP50-95(B),metrics/precision(P),metrics/recall(P),metrics/mAP50(P),metrics/mAP50-95(P),val/box_loss,val/pose_loss,val/kobj_loss,val/cls_loss,val/dfl_loss,lr/pg0,lr/pg1,lr/pg2
1,21.8702,3.71447,7.97356,0.63827,4.1038,3.01591,0.00062,0.00284,0.00032,0.0001,0,0,0,0,4.0533,7.93101,0.64944,3.91156,3.25593,2.5e-05,2.5e-05,2.5e-05
2,27.0707,3.63951,7.87728,0.63772,4.02208,2.97621,0.00186,0.01475,0.00097,0.00029,0,0,0,0,3.85984,7.94813,0.65039,3.87163,3.03932,6.21906e-05,6.21906e-05,6.21906e-05
3,34.0637,3.53554,7.82664,0.63184,3.96266,2.81374,0.00333,0.0096,0.00171,0.00031,0,0,0,0,3.5444,8.06877,0.65631,3.72822,2.63289,9.901e-05,9.901e-05,9.901e-05
4,42.0538,3.33354,7.85786,0.63369,3.83805,2.56437,0.00897,0.10987,0.00901,0.00258,0,0,0,0,3.305,8.13169,0.6596,3.54529,2.38749,0.000135458,0.000135458,0.000135458
5,47.6488,3.14367,7.7523,0.62966,3.69402,2.31041,0.02242,0.16624,0.03249,0.00728,0,0,0,0,3.13206,8.19958,0.6608,3.34706,2.20396,0.000171535,0.000171535,0.000171535
6,53.0419,3.04062,7.63089,0.625,3.47366,2.22681,0.01836,0.1887,0.02614,0.00611,0,0,0,0,3.02101,8.18494,0.65912,3.26825,2.09689,0.000207241,0.000207241,0.000207241
7,59.5255,2.95138,7.59561,0.61869,3.3439,2.1413,0.02539,0.12618,0.01705,0.0038,0,0,0,0,2.93392,8.11994,0.65476,3.19419,2.05417,0.000242575,0.000242575,0.000242575
8,64.2925,2.84792,7.54615,0.6154,3.22503,2.06986,0.02161,0.12559,0.01566,0.0034,0,0,0,0,2.89395,8.03652,0.65223,3.16643,2.04039,0.000277538,0.000277538,0.000277538
9,68.7771,2.76776,7.52308,0.60678,3.07268,1.97651,0.27582,0.0732,0.03454,0.01352,0,0,0,0,2.84186,7.93376,0.64666,3.12023,2.06397,0.00031213,0.00031213,0.00031213
10,72.2036,2.60128,7.36187,0.60839,2.99503,1.87307,0.05509,0.21524,0.04873,0.01932,0,0,0,0,2.80479,7.87407,0.64443,3.06031,2.08344,0.000346351,0.000346351,0.000346351
11,75.4539,2.5848,7.31721,0.60432,2.93829,1.89345,0.08723,0.2206,0.06709,0.02094,0,0,0,0,2.90628,7.7746,0.64016,3.04471,2.16326,0.0003802,0.0003802,0.0003802
12,78.5311,2.65492,7.20998,0.60454,2.8592,1.9698,0.05325,0.13737,0.05745,0.02252,0.50442,0.0045,0.00029,3e-05,2.94032,7.7251,0.63708,3.0108,2.18812,0.000413678,0.000413678,0.000413678
13,81.3249,2.51976,7.10668,0.60128,2.78727,1.8718,0.10091,0.18537,0.06973,0.02524,0.01517,0.0266,0.00439,0.00109,2.78746,7.61428,0.6258,3.10604,2.07101,0.000446785,0.000446785,0.000446785
14,83.4449,2.49586,7.12979,0.59784,2.6948,1.85534,0.09445,0.12669,0.07209,0.02777,0.02197,0.01926,0.0033,0.00095,2.74009,7.57917,0.62021,3.0621,2.03779,0.000479521,0.000479521,0.000479521
15,85.7403,2.40969,6.95088,0.58944,2.62128,1.78625,0.37879,0.12516,0.07565,0.03055,0.25829,0.01475,0.00164,0.00033,2.6742,7.5041,0.61425,3.06781,1.96792,0.000511885,0.000511885,0.000511885
16,88.0319,2.41855,6.90055,0.57349,2.54662,1.78932,0.37463,0.1281,0.07205,0.02925,0.25935,0.01759,0.00178,0.00029,2.73649,7.46218,0.61168,3.3022,2.02059,0.000543878,0.000543878,0.000543878
17,90.244,2.36022,6.93618,0.56551,2.55679,1.77033,0.1126,0.12017,0.06491,0.02733,0.01164,0.0471,0.005,0.001,2.70375,7.33051,0.59397,3.65277,1.99425,0.0005755,0.0005755,0.0005755
18,93.2667,2.28113,6.75843,0.56321,2.4772,1.72496,0.40127,0.1283,0.07065,0.02815,0.27578,0.03228,0.00945,0.0019,2.6971,7.23519,0.58223,3.46014,2.00695,0.000606751,0.000606751,0.000606751
19,96.3303,2.26921,6.74667,0.55859,2.47842,1.71611,0.36697,0.14461,0.07234,0.02893,0.28266,0.04081,0.01173,0.0025,2.69123,7.14963,0.57026,3.27044,2.06272,0.00063763,0.00063763,0.00063763
20,99.764,2.21403,6.67891,0.55061,2.3992,1.6902,0.35557,0.1544,0.07461,0.0301,0.29769,0.08054,0.01765,0.00397,2.611,7.04579,0.55746,3.46013,2.00095,0.000668138,0.000668138,0.000668138
21,102.088,2.21683,6.54794,0.53987,2.36082,1.66395,0.12613,0.16241,0.07367,0.03083,0.06839,0.09506,0.02686,0.00681,2.53195,6.96627,0.54474,3.8873,1.94408,0.000698275,0.000698275,0.000698275
22,104.223,2.28659,6.685,0.53362,2.39672,1.70253,0.13027,0.16382,0.07426,0.03098,0.08865,0.09893,0.03166,0.0081,2.55187,6.933,0.53535,4.44716,1.95803,0.000728041,0.000728041,0.000728041
23,106.284,2.23507,6.56404,0.52333,2.32638,1.64455,0.16179,0.13153,0.07743,0.0309,0.0917,0.09019,0.03728,0.00921,2.56871,6.88878,0.52329,4.55454,1.96361,0.000757435,0.000757435,0.000757435
24,108.331,2.17001,6.47179,0.53001,2.37101,1.63403,0.16978,0.15197,0.07981,0.03232,0.09348,0.09255,0.04128,0.01086,2.59276,6.8178,0.50928,3.99825,1.95743,0.000786458,0.000786458,0.000786458
25,110.759,2.1968,6.487,0.51467,2.30278,1.61399,0.45378,0.13894,0.08223,0.03265,0.3729,0.07894,0.03924,0.0105,2.6144,6.76748,0.50394,3.67135,1.95844,0.00081511,0.00081511,0.00081511
26,113.664,2.17884,6.40423,0.51299,2.28525,1.6065,0.38457,0.14965,0.07607,0.03346,0.33407,0.11635,0.0475,0.01311,2.55951,6.73602,0.5031,3.52852,1.92798,0.000843391,0.000843391,0.000843391
27,117.177,2.10937,6.35502,0.51734,2.26668,1.58933,0.36692,0.14626,0.07274,0.03338,0.34977,0.09024,0.04627,0.0151,2.51901,6.71125,0.50698,3.27482,1.9082,0.0008713,0.0008713,0.0008713
28,120.121,2.08345,6.24358,0.50835,2.22249,1.5608,0.36005,0.16215,0.0963,0.03953,0.32056,0.11524,0.04042,0.01422,2.59784,6.67739,0.50516,3.14058,1.98256,0.000898838,0.000898838,0.000898838
29,122.161,2.08068,6.10233,0.48983,2.18842,1.55083,0.36005,0.16215,0.0963,0.03953,0.32056,0.11524,0.04042,0.01422,2.59784,6.67739,0.50516,3.14058,1.98256,0.000926005,0.000926005,0.000926005
30,124.153,2.17706,6.21102,0.47999,2.16159,1.57191,0.36553,0.19616,0.08486,0.03324,0.34944,0.09819,0.03914,0.01305,2.69419,6.65431,0.49117,2.9955,2.06009,0.000952801,0.000952801,0.000952801
31,126.317,2.21166,6.27162,0.49004,2.24176,1.60022,0.09799,0.16152,0.07158,0.0264,0.09068,0.13565,0.03942,0.01277,2.67608,6.59154,0.48879,2.94603,2.03364,0.000979225,0.000979225,0.000979225
32,128.501,2.10864,6.17704,0.49805,2.13537,1.57342,0.11782,0.17059,0.07705,0.033,0.08868,0.15933,0.04692,0.01418,2.61368,6.52697,0.47205,2.99814,1.99123,0.00100528,0.00100528,0.00100528
33,130.872,2.05807,6.02494,0.48618,2.14671,1.54318,0.11782,0.17059,0.07705,0.033,0.08868,0.15933,0.04692,0.01418,2.61368,6.52697,0.47205,2.99814,1.99123,0.00103096,0.00103096,0.00103096
34,134.283,2.06365,5.98596,0.47618,2.16262,1.53151,0.14675,0.18804,0.1166,0.0463,0.0932,0.11625,0.05228,0.01729,2.54717,6.4821,0.44584,2.98763,1.94243,0.00104581,0.00104581,0.00104581
35,137.573,2.00428,5.9063,0.47389,2.10715,1.49719,0.18382,0.15281,0.12381,0.05054,0.11412,0.1146,0.05235,0.01489,2.524,6.43753,0.43456,2.78229,1.90635,0.00103962,0.00103962,0.00103962
36,140.359,2.02893,5.94846,0.48187,2.11496,1.52561,0.17519,0.15338,0.11324,0.04873,0.10323,0.11743,0.04437,0.0123,2.49234,6.43717,0.43528,2.723,1.86834,0.00103344,0.00103344,0.00103344
37,142.443,2.04565,5.99679,0.46817,2.10811,1.51665,0.17519,0.15338,0.11324,0.04873,0.10323,0.11743,0.04437,0.0123,2.49234,6.43717,0.43528,2.723,1.86834,0.00102725,0.00102725,0.00102725
38,144.552,1.98224,5.81901,0.47054,2.05498,1.49763,0.17638,0.31681,0.14487,0.06461,0.06683,0.15203,0.04248,0.01201,2.48694,6.40418,0.43378,2.7308,1.8428,0.00102106,0.00102106,0.00102106
39,146.545,2.0108,5.89585,0.46897,2.08026,1.52713,0.21677,0.25445,0.16143,0.07704,0.12491,0.10447,0.04877,0.01274,2.4769,6.34446,0.42629,2.71671,1.8247,0.00101488,0.00101488,0.00101488
40,148.713,1.96061,5.7855,0.46118,2.07355,1.4908,0.12438,0.2802,0.13238,0.05051,0.09863,0.10312,0.04619,0.01452,2.47309,6.36391,0.41086,2.7903,1.84694,0.00100869,0.00100869,0.00100869
41,151.359,1.97968,5.79838,0.4637,2.08168,1.53656,0.12438,0.2802,0.13238,0.05051,0.09863,0.10312,0.04619,0.01452,2.47309,6.36391,0.41086,2.7903,1.84694,0.0010025,0.0010025,0.0010025
42,154.711,1.93902,5.68164,0.45052,1.98865,1.45413,0.43623,0.15976,0.10054,0.04436,0.38017,0.09754,0.05426,0.01521,2.4369,6.28263,0.40657,2.887,1.8253,0.000996313,0.000996313,0.000996313
43,158.062,1.92155,5.62767,0.44952,2.00092,1.47986,0.37385,0.16974,0.08936,0.04076,0.34323,0.15057,0.05492,0.01712,2.51724,6.24275,0.40447,3.17667,1.86086,0.000990125,0.000990125,0.000990125
44,160.651,1.97313,5.62041,0.43139,1.99197,1.47295,0.13521,0.19659,0.08048,0.03697,0.10875,0.1774,0.05761,0.01743,2.49403,6.2208,0.39854,3.19906,1.85706,0.000983938,0.000983938,0.000983938
45,162.61,1.97641,5.72545,0.44273,2.02571,1.49255,0.13521,0.19659,0.08048,0.03697,0.10875,0.1774,0.05761,0.01743,2.49403,6.2208,0.39854,3.19906,1.85706,0.00097775,0.00097775,0.00097775
46,164.793,1.86342,5.53467,0.441,1.96436,1.44035,0.19266,0.20993,0.13186,0.04694,0.09727,0.15283,0.0561,0.01511,2.49358,6.21329,0.40741,2.88756,1.85018,0.000971562,0.000971562,0.000971562
47,166.847,1.85882,5.53676,0.44294,1.93642,1.4302,0.21296,0.23696,0.14486,0.05537,0.08779,0.14919,0.05468,0.01373,2.58887,6.28927,0.43414,2.7286,1.93544,0.000965375,0.000965375,0.000965375
48,168.897,1.85933,5.44447,0.43868,1.94488,1.40343,0.23261,0.22452,0.153,0.05846,0.08067,0.18212,0.05317,0.01266,2.58271,6.29915,0.43864,2.61388,1.93568,0.000959187,0.000959187,0.000959187
49,171.538,1.89427,5.53708,0.42238,1.90597,1.42751,0.23261,0.22452,0.153,0.05846,0.08067,0.18212,0.05317,0.01266,2.58271,6.29915,0.43864,2.61388,1.93568,0.000953,0.000953,0.000953
50,174.876,1.89012,5.43528,0.4281,1.92007,1.42301,0.26241,0.17909,0.14646,0.06052,0.07482,0.13662,0.046,0.0139,2.56193,6.22399,0.42638,2.60669,1.90762,0.000946812,0.000946812,0.000946812
51,178.291,1.88023,5.42893,0.44018,1.90862,1.44816,0.2422,0.25273,0.1928,0.06478,0.13954,0.15437,0.09955,0.02599,2.47861,6.13502,0.40627,2.52377,1.86847,0.000940625,0.000940625,0.000940625
52,180.916,1.84553,5.41347,0.41819,1.86319,1.40328,0.29055,0.21439,0.18494,0.07765,0.18792,0.13856,0.08104,0.02258,2.54505,6.11314,0.40356,2.51197,1.95233,0.000934438,0.000934438,0.000934438
53,182.906,1.86146,5.31933,0.40629,1.85521,1.40704,0.29055,0.21439,0.18494,0.07765,0.18792,0.13856,0.08104,0.02258,2.54505,6.11314,0.40356,2.51197,1.95233,0.00092825,0.00092825,0.00092825
54,185.099,1.84267,5.34627,0.41227,1.84583,1.40098,0.23204,0.24013,0.17992,0.06672,0.1344,0.15297,0.11361,0.0338,2.57997,6.13956,0.41462,2.53105,1.98675,0.000922063,0.000922063,0.000922063
55,187.139,1.84128,5.27183,0.40092,1.88545,1.41033,0.21695,0.27264,0.19997,0.07655,0.09975,0.15986,0.0737,0.02667,2.5052,6.12822,0.41499,2.4997,1.9383,0.000915875,0.000915875,0.000915875
56,189.162,1.77604,5.12936,0.40295,1.8088,1.39085,0.14847,0.24797,0.13137,0.05423,0.11062,0.15588,0.08014,0.03065,2.4653,6.02254,0.39003,2.48903,1.89734,0.000909688,0.000909688,0.000909688
57,191.964,1.85996,5.20564,0.40702,1.86313,1.4176,0.14847,0.24797,0.13137,0.05423,0.11062,0.15588,0.08014,0.03065,2.4653,6.02254,0.39003,2.48903,1.89734,0.0009035,0.0009035,0.0009035
58,195.083,1.85289,5.10645,0.40545,1.78814,1.41689,0.27767,0.18469,0.18364,0.05974,0.11807,0.18532,0.0834,0.0329,2.46889,5.96783,0.37212,2.48806,1.8865,0.000897313,0.000897313,0.000897313
59,198.474,1.84204,5.16911,0.39505,1.8151,1.38595,0.23676,0.23199,0.17807,0.06192,0.11109,0.16838,0.07941,0.02724,2.52901,5.92611,0.36204,2.51453,1.93661,0.000891125,0.000891125,0.000891125
60,200.682,1.78538,5.08235,0.40345,1.79649,1.41001,0.24724,0.22051,0.13714,0.05764,0.16491,0.14816,0.12157,0.03615,2.48163,5.89906,0.3559,2.43248,1.90825,0.000884938,0.000884938,0.000884938
61,202.633,1.79197,5.04199,0.38973,1.80727,1.38943,0.24724,0.22051,0.13714,0.05764,0.16491,0.14816,0.12157,0.03615,2.48163,5.89906,0.3559,2.43248,1.90825,0.00087875,0.00087875,0.00087875
62,204.655,1.79247,5.04495,0.39459,1.77602,1.40028,0.25754,0.21874,0.1431,0.05895,0.28218,0.18136,0.16983,0.0491,2.43082,5.84666,0.34597,2.41145,1.85366,0.000872563,0.000872563,0.000872563
63,206.709,1.83173,4.9825,0.38609,1.82414,1.40518,0.20859,0.21224,0.12719,0.05928,0.21889,0.17004,0.12661,0.03577,2.48083,5.81289,0.33271,2.52124,1.89042,0.000866375,0.000866375,0.000866375
64,209.04,1.77345,4.86341,0.38503,1.73645,1.37795,0.22764,0.24822,0.17679,0.06897,0.12078,0.15969,0.07572,0.02547,2.41887,5.76264,0.32267,2.58016,1.86365,0.000860188,0.000860188,0.000860188
65,211.944,1.6666,4.7407,0.38274,1.68575,1.34175,0.22764,0.24822,0.17679,0.06897,0.12078,0.15969,0.07572,0.02547,2.41887,5.76264,0.32267,2.58016,1.86365,0.000854,0.000854,0.000854
66,215.054,1.6939,4.7454,0.38428,1.68203,1.3277,0.23398,0.21868,0.15754,0.06125,0.12036,0.18695,0.07197,0.02414,2.36546,5.74888,0.32074,2.51545,1.82761,0.000847813,0.000847813,0.000847813
67,217.968,1.7731,4.79956,0.38033,1.69484,1.35409,0.24396,0.19044,0.15567,0.05838,0.1197,0.18781,0.07851,0.02248,2.39943,5.81595,0.32662,2.52763,1.83688,0.000841625,0.000841625,0.000841625
68,220.172,1.80234,4.91069,0.35838,1.70598,1.35492,0.14928,0.20993,0.10093,0.03516,0.11625,0.18012,0.10343,0.03138,2.44522,5.78711,0.32314,2.53474,1.84763,0.000835438,0.000835438,0.000835438
69,222.376,1.75051,4.70138,0.37305,1.68634,1.31977,0.14928,0.20993,0.10093,0.03516,0.11625,0.18012,0.10343,0.03138,2.44522,5.78711,0.32314,2.53474,1.84763,0.00082925,0.00082925,0.00082925
70,224.317,1.69385,4.69417,0.36287,1.63189,1.28993,0.14931,0.20934,0.09225,0.03715,0.10419,0.16293,0.06438,0.0246,2.38268,5.75318,0.31523,2.48096,1.81059,0.000823063,0.000823063,0.000823063
71,226.512,1.72546,4.80164,0.37049,1.67596,1.31624,0.20373,0.23009,0.11906,0.04768,0.11221,0.16998,0.07292,0.02885,2.37414,5.72229,0.30509,2.41812,1.78647,0.000816875,0.000816875,0.000816875
72,229.021,1.70986,4.72098,0.36722,1.64033,1.31488,0.24339,0.27144,0.17741,0.06013,0.18496,0.2094,0.10253,0.0328,2.41338,5.66841,0.30146,2.37053,1.81333,0.000810688,0.000810688,0.000810688
73,232.112,1.70798,4.66352,0.3499,1.63657,1.30412,0.24339,0.27144,0.17741,0.06013,0.18496,0.2094,0.10253,0.0328,2.41338,5.66841,0.30146,2.37053,1.81333,0.0008045,0.0008045,0.0008045
74,235.301,1.67671,4.58648,0.3599,1.61325,1.30779,0.26414,0.25374,0.1851,0.07233,0.17322,0.17969,0.09876,0.03855,2.41913,5.61608,0.30495,2.38138,1.81827,0.000798313,0.000798313,0.000798313
75,238.101,1.66548,4.56419,0.38509,1.66417,1.30458,0.23058,0.25766,0.18892,0.06752,0.20493,0.21235,0.16729,0.04824,2.36164,5.55467,0.29982,2.3719,1.77501,0.000792125,0.000792125,0.000792125
76,240.148,1.66677,4.47815,0.35828,1.63154,1.32151,0.20771,0.26233,0.17787,0.08146,0.13622,0.21759,0.11137,0.03864,2.38663,5.54349,0.29398,2.40238,1.77711,0.000785938,0.000785938,0.000785938
77,242.353,1.66128,4.44848,0.3511,1.59883,1.30078,0.20771,0.26233,0.17787,0.08146,0.13622,0.21759,0.11137,0.03864,2.38663,5.54349,0.29398,2.40238,1.77711,0.00077975,0.00077975,0.00077975
78,244.363,1.79937,4.71228,0.34819,1.6403,1.34428,0.23472,0.23461,0.18415,0.10039,0.14071,0.18358,0.08417,0.02842,2.41162,5.61309,0.2904,2.47441,1.81237,0.000773563,0.000773563,0.000773563
79,246.431,1.65558,4.43721,0.36276,1.58972,1.2904,0.22232,0.23112,0.17941,0.08693,0.10786,0.13808,0.06156,0.02484,2.49471,5.68733,0.28554,2.51781,1.86204,0.000767375,0.000767375,0.000767375
80,249.319,1.71064,4.5496,0.36527,1.65475,1.33003,0.23471,0.23047,0.19413,0.09412,0.12613,0.13583,0.07332,0.03053,2.43612,5.66598,0.28434,2.4402,1.8318,0.000761188,0.000761188,0.000761188
81,252.366,1.57383,4.24227,0.35373,1.56572,1.26538,0.23471,0.23047,0.19413,0.09412,0.12613,0.13583,0.07332,0.03053,2.43612,5.66598,0.28434,2.4402,1.8318,0.000755,0.000755,0.000755
82,255.542,1.6016,4.39327,0.36338,1.53316,1.26729,0.24577,0.25214,0.19388,0.09989,0.17477,0.18812,0.10729,0.04102,2.31362,5.63323,0.28681,2.30126,1.75627,0.000748813,0.000748813,0.000748813
83,258.251,1.6036,4.26982,0.35814,1.53595,1.26024,0.23196,0.2605,0.19562,0.07529,0.21895,0.22253,0.17905,0.06149,2.39093,5.71011,0.30094,2.27525,1.78981,0.000742625,0.000742625,0.000742625
84,260.354,1.66729,4.40408,0.34057,1.59392,1.31058,0.2371,0.22957,0.16706,0.06306,0.20894,0.20279,0.13334,0.05656,2.43228,5.74875,0.30631,2.31128,1.81757,0.000736438,0.000736438,0.000736438
85,262.421,1.6784,4.32121,0.33797,1.5254,1.26974,0.2371,0.22957,0.16706,0.06306,0.20894,0.20279,0.13334,0.05656,2.43228,5.74875,0.30631,2.31128,1.81757,0.00073025,0.00073025,0.00073025
86,264.458,1.62678,4.35859,0.34234,1.51647,1.27161,0.22068,0.23625,0.2032,0.06253,0.40725,0.15758,0.18438,0.07724,2.42321,5.65448,0.29951,2.32695,1.83689,0.000724062,0.000724062,0.000724062
87,266.401,1.60738,4.2145,0.34225,1.50148,1.25477,0.27889,0.21754,0.20283,0.06872,0.25958,0.18633,0.17491,0.07661,2.38086,5.52582,0.28338,2.31073,1.83436,0.000717875,0.000717875,0.000717875
88,269.202,1.58602,4.21333,0.34128,1.47821,1.25981,0.24531,0.21774,0.19047,0.06741,0.20681,0.20614,0.16853,0.0753,2.34013,5.54882,0.27892,2.34735,1.80801,0.000711687,0.000711687,0.000711687
89,272.352,1.65218,4.18536,0.33897,1.54235,1.29311,0.24531,0.21774,0.19047,0.06741,0.20681,0.20614,0.16853,0.0753,2.34013,5.54882,0.27892,2.34735,1.80801,0.0007055,0.0007055,0.0007055
90,275.474,1.57694,4.15207,0.35234,1.53973,1.25279,0.26988,0.20285,0.16602,0.06012,0.22286,0.19035,0.14594,0.06588,2.35746,5.61687,0.28469,2.43887,1.82894,0.000699312,0.000699312,0.000699312
91,277.998,1.58597,4.10024,0.33917,1.52945,1.26551,0.23112,0.20226,0.16523,0.06577,0.18925,0.18574,0.1443,0.06052,2.42968,5.61408,0.29591,2.50536,1.88398,0.000693125,0.000693125,0.000693125
92,280.21,1.57901,4.13023,0.34165,1.47351,1.24388,0.2023,0.22377,0.17964,0.07105,0.13841,0.17554,0.10061,0.04085,2.41797,5.58331,0.30034,2.54098,1.85062,0.000686937,0.000686937,0.000686937
93,282.107,1.56154,3.98846,0.3483,1.47844,1.23632,0.2023,0.22377,0.17964,0.07105,0.13841,0.17554,0.10061,0.04085,2.41797,5.58331,0.30034,2.54098,1.85062,0.00068075,0.00068075,0.00068075
94,284.381,1.55266,4.0234,0.34286,1.48709,1.24506,0.4461,0.13885,0.17643,0.06849,0.15233,0.17245,0.09892,0.03678,2.39492,5.60552,0.30398,2.48612,1.83496,0.000674562,0.000674562,0.000674562
95,286.51,1.5731,4.07557,0.33946,1.47675,1.24651,0.43569,0.14216,0.18288,0.08033,0.14473,0.16794,0.09183,0.03693,2.39339,5.7513,0.31264,2.47342,1.85537,0.000668375,0.000668375,0.000668375
96,289.307,1.5585,3.98163,0.34144,1.46778,1.25181,0.1506,0.14166,0.10101,0.04244,0.20511,0.19662,0.13983,0.03815,2.37072,5.8422,0.3152,2.50369,1.84335,0.000662188,0.000662188,0.000662188
97,292.311,1.53275,3.99628,0.33258,1.4464,1.22799,0.1506,0.14166,0.10101,0.04244,0.20511,0.19662,0.13983,0.03815,2.37072,5.8422,0.3152,2.50369,1.84335,0.000656,0.000656,0.000656
98,295.449,1.52545,3.9915,0.33885,1.44262,1.23036,0.13824,0.15635,0.08517,0.03774,0.19208,0.17276,0.15193,0.05845,2.41523,5.75798,0.30217,2.51335,1.88601,0.000649813,0.000649813,0.000649813
99,297.414,1.52878,3.88626,0.33237,1.43366,1.21532,0.16052,0.19684,0.10324,0.04035,0.17325,0.19752,0.15594,0.06821,2.3676,5.59137,0.28788,2.50708,1.85939,0.000643625,0.000643625,0.000643625
100,299.471,1.52954,3.83061,0.33669,1.44145,1.24373,0.16568,0.20722,0.11441,0.04592,0.19181,0.24292,0.16586,0.05933,2.34256,5.44556,0.27551,2.51592,1.84959,0.000637437,0.000637437,0.000637437
101,301.611,1.62214,4.01447,0.31741,1.42782,1.24792,0.16568,0.20722,0.11441,0.04592,0.19181,0.24292,0.16586,0.05933,2.34256,5.44556,0.27551,2.51592,1.84959,0.00063125,0.00063125,0.00063125
102,303.578,1.50592,3.81457,0.3328,1.4135,1.23534,0.20971,0.20483,0.12653,0.05204,0.22746,0.22349,0.11898,0.05118,2.33031,5.37783,0.2761,2.49234,1.82404,0.000625062,0.000625062,0.000625062
103,305.823,1.60725,3.98884,0.32754,1.46731,1.23821,0.26962,0.22995,0.19799,0.06416,0.27434,0.22489,0.18956,0.05714,2.33856,5.40794,0.29007,2.51936,1.84873,0.000618875,0.000618875,0.000618875
104,309.066,1.4904,3.76554,0.33181,1.38753,1.20538,0.24935,0.22824,0.17956,0.0652,0.24421,0.2174,0.17282,0.07143,2.3843,5.45411,0.29618,2.54099,1.89019,0.000612687,0.000612687,0.000612687
105,312.51,1.57312,3.90254,0.3155,1.41168,1.23009,0.24935,0.22824,0.17956,0.0652,0.24421,0.2174,0.17282,0.07143,2.3843,5.45411,0.29618,2.54099,1.89019,0.0006065,0.0006065,0.0006065
106,315.096,1.50987,3.77653,0.33368,1.40456,1.23569,0.21473,0.21464,0.17544,0.06146,0.20574,0.19362,0.1674,0.06352,2.38983,5.46774,0.28394,2.50429,1.87164,0.000600313,0.000600313,0.000600313
107,317.356,1.47852,3.72669,0.33186,1.35416,1.20274,0.20259,0.21914,0.17305,0.06426,0.15939,0.21537,0.11652,0.04899,2.40977,5.46783,0.27039,2.48682,1.87073,0.000594125,0.000594125,0.000594125
108,319.334,1.50889,3.79988,0.32355,1.38714,1.22562,0.21236,0.23785,0.16785,0.05472,0.15522,0.15988,0.1001,0.03976,2.41442,5.47504,0.25834,2.4366,1.85855,0.000587938,0.000587938,0.000587938
109,321.398,1.53587,3.76621,0.33392,1.38505,1.21971,0.21236,0.23785,0.16785,0.05472,0.15522,0.15988,0.1001,0.03976,2.41442,5.47504,0.25834,2.4366,1.85855,0.00058175,0.00058175,0.00058175
110,323.496,1.50812,3.76329,0.3425,1.38484,1.22054,0.18839,0.2357,0.12549,0.04759,0.22883,0.13463,0.10119,0.03835,2.43392,5.44967,0.26023,2.43336,1.88163,0.000575563,0.000575563,0.000575563
111,325.982,1.52115,3.77162,0.33165,1.37316,1.22562,0.16403,0.19919,0.12788,0.05534,0.20495,0.14116,0.10758,0.04234,2.45673,5.42398,0.26718,2.4312,1.91328,0.000569375,0.000569375,0.000569375
112,329.307,1.47535,3.62056,0.3256,1.35686,1.18574,0.17623,0.19801,0.12476,0.06031,0.14961,0.17631,0.10146,0.04267,2.43721,5.42423,0.27374,2.46307,1.89746,0.000563187,0.000563187,0.000563187
113,332.409,1.44028,3.50209,0.32534,1.29815,1.17728,0.17623,0.19801,0.12476,0.06031,0.14961,0.17631,0.10146,0.04267,2.43721,5.42423,0.27374,2.46307,1.89746,0.000557,0.000557,0.000557
114,334.802,1.4336,3.56024,0.31946,1.32949,1.19808,0.22787,0.21452,0.13874,0.05933,0.18025,0.22082,0.1177,0.04604,2.46561,5.41218,0.28199,2.48291,1.89894,0.000550813,0.000550813,0.000550813
115,336.858,1.50456,3.69221,0.32909,1.36821,1.22628,0.26117,0.20157,0.17114,0.06747,0.19567,0.22306,0.1269,0.05881,2.45202,5.40442,0.28283,2.47045,1.87845,0.000544625,0.000544625,0.000544625
116,338.919,1.49688,3.61545,0.35377,1.35469,1.22734,0.26555,0.22311,0.19048,0.05923,0.21665,0.22216,0.12312,0.06098,2.4359,5.38808,0.28208,2.45621,1.86838,0.000538438,0.000538438,0.000538438
117,341.025,1.54973,3.57688,0.30664,1.33428,1.20849,0.26555,0.22311,0.19048,0.05923,0.21665,0.22216,0.12312,0.06098,2.4359,5.38808,0.28208,2.45621,1.86838,0.00053225,0.00053225,0.00053225
118,343.333,1.46729,3.48413,0.33837,1.35322,1.2081,0.27562,0.23282,0.19345,0.05833,0.24429,0.1993,0.179,0.06303,2.43481,5.36727,0.28184,2.46942,1.8668,0.000526063,0.000526063,0.000526063
119,346.281,1.46058,3.48605,0.32121,1.31265,1.19412,0.23393,0.22998,0.1876,0.05834,0.17884,0.16782,0.10314,0.04982,2.43856,5.36179,0.27955,2.49807,1.85211,0.000519875,0.000519875,0.000519875
120,349.913,1.49276,3.52862,0.32907,1.30145,1.18436,0.2172,0.2288,0.17655,0.05732,0.17594,0.14118,0.10438,0.04432,2.48669,5.46456,0.29565,2.58634,1.87923,0.000513688,0.000513688,0.000513688
121,353.129,1.46711,3.30515,0.31872,1.29719,1.18311,0.2172,0.2288,0.17655,0.05732,0.17594,0.14118,0.10438,0.04432,2.48669,5.46456,0.29565,2.58634,1.87923,0.0005075,0.0005075,0.0005075
122,355.205,1.49432,3.34699,0.28728,1.2705,1.17592,0.21186,0.21578,0.16646,0.05947,0.16595,0.14568,0.08836,0.03827,2.50246,5.50843,0.30977,2.62195,1.8953,0.000501313,0.000501313,0.000501313
123,357.157,1.49668,3.43013,0.33254,1.32579,1.22718,0.19729,0.20102,0.16149,0.05906,0.22384,0.17266,0.13752,0.0507,2.51253,5.47027,0.30923,2.62484,1.90105,0.000495125,0.000495125,0.000495125
124,359.469,1.41884,3.25478,0.31239,1.28566,1.18117,0.20502,0.20917,0.15936,0.05742,0.2048,0.17834,0.14417,0.06159,2.51094,5.40314,0.29834,2.63639,1.89289,0.000488938,0.000488938,0.000488938
125,361.55,1.52187,3.45555,0.30447,1.31922,1.18516,0.20502,0.20917,0.15936,0.05742,0.2048,0.17834,0.14417,0.06159,2.51094,5.40314,0.29834,2.63639,1.89289,0.00048275,0.00048275,0.00048275
126,363.666,1.3963,3.21496,0.30606,1.23558,1.16533,0.22597,0.22322,0.16675,0.05265,0.21481,0.19136,0.15607,0.064,2.4455,5.31773,0.28229,2.5708,1.83356,0.000476562,0.000476562,0.000476562
127,366.697,1.43216,3.26124,0.29989,1.27183,1.15789,0.2595,0.21068,0.18764,0.06044,0.24562,0.1925,0.17182,0.05863,2.42336,5.34513,0.28047,2.55561,1.80881,0.000470375,0.000470375,0.000470375
128,369.918,1.38703,3.24749,0.3154,1.25169,1.17539,0.23548,0.24757,0.18704,0.06846,0.15809,0.18034,0.10361,0.05343,2.44674,5.45375,0.29544,2.63031,1.8278,0.000464188,0.000464188,0.000464188
129,372.999,1.39568,3.26542,0.30383,1.24817,1.17399,0.23548,0.24757,0.18704,0.06846,0.15809,0.18034,0.10361,0.05343,2.44674,5.45375,0.29544,2.63031,1.8278,0.000458,0.000458,0.000458
130,375.034,1.39907,3.19431,0.29295,1.20016,1.15437,0.2503,0.23575,0.1871,0.07299,0.20177,0.17972,0.10681,0.05434,2.45605,5.52524,0.31197,2.64507,1.84419,0.000451813,0.000451813,0.000451813
131,377.049,1.43011,3.25129,0.29982,1.29508,1.18268,0.27236,0.24591,0.18652,0.07341,0.22517,0.19791,0.1158,0.05919,2.45642,5.46643,0.30587,2.5964,1.84386,0.000445625,0.000445625,0.000445625
132,379.152,1.41107,3.15784,0.29564,1.22383,1.15993,0.27557,0.24199,0.18799,0.07232,0.24855,0.22649,0.13255,0.06329,2.43317,5.36025,0.28801,2.51927,1.83248,0.000439437,0.000439437,0.000439437
133,381.09,1.42046,3.25075,0.31417,1.24201,1.18425,0.27557,0.24199,0.18799,0.07232,0.24855,0.22649,0.13255,0.06329,2.43317,5.36025,0.28801,2.51927,1.83248,0.00043325,0.00043325,0.00043325
134,383.382,1.3331,3.04939,0.33629,1.20163,1.13726,0.27988,0.25384,0.1936,0.07321,0.28747,0.22213,0.18256,0.07018,2.40528,5.27904,0.27754,2.48103,1.7987,0.000427062,0.000427062,0.000427062
135,386.447,1.4082,3.2599,0.31647,1.22052,1.16885,0.30371,0.22944,0.19792,0.06931,0.28368,0.23282,0.18754,0.09061,2.38977,5.26682,0.27675,2.46412,1.78229,0.000420875,0.000420875,0.000420875
136,389.725,1.40607,3.22596,0.29672,1.22931,1.1658,0.29429,0.2223,0.19188,0.06927,0.27339,0.21979,0.17962,0.08119,2.38768,5.28565,0.28341,2.48028,1.7837,0.000414688,0.000414688,0.000414688
137,393.02,1.3819,3.08669,0.27979,1.18446,1.12722,0.29429,0.2223,0.19188,0.06927,0.27339,0.21979,0.17962,0.08119,2.38768,5.28565,0.28341,2.48028,1.7837,0.0004085,0.0004085,0.0004085
138,395.208,1.36668,3.05819,0.28639,1.22807,1.14989,0.30753,0.21986,0.19587,0.07075,0.28513,0.19084,0.17477,0.08335,2.39907,5.30468,0.28624,2.49286,1.79846,0.000402312,0.000402312,0.000402312
139,397.344,1.38218,3.11668,0.292,1.19657,1.14819,0.25953,0.22756,0.19213,0.07525,0.23793,0.19882,0.1717,0.07707,2.43126,5.26966,0.27358,2.50469,1.81315,0.000396125,0.000396125,0.000396125
140,399.505,1.36583,3.05282,0.31706,1.20349,1.16901,0.30267,0.18972,0.17903,0.07061,0.25796,0.1925,0.15971,0.07113,2.38344,5.23792,0.26666,2.50765,1.77555,0.000389938,0.000389938,0.000389938
141,401.535,1.39746,3.15139,0.31196,1.22286,1.16162,0.30267,0.18972,0.17903,0.07061,0.25796,0.1925,0.15971,0.07113,2.38344,5.23792,0.26666,2.50765,1.77555,0.00038375,0.00038375,0.00038375
142,403.631,1.36005,3.09338,0.31439,1.18781,1.1394,0.25624,0.24148,0.18075,0.06396,0.23305,0.20494,0.15797,0.07823,2.36762,5.23803,0.2644,2.52708,1.77473,0.000377563,0.000377563,0.000377563
143,406.64,1.46395,3.17302,0.31497,1.2641,1.18392,0.2994,0.23006,0.1925,0.06531,0.27014,0.19753,0.17263,0.09643,2.35282,5.23642,0.26437,2.53207,1.77232,0.000371375,0.000371375,0.000371375
144,409.738,1.43932,3.07882,0.29728,1.22225,1.1788,0.29644,0.23116,0.18868,0.0624,0.26063,0.18804,0.17265,0.09625,2.37335,5.24679,0.26638,2.50078,1.79055,0.000365188,0.000365188,0.000365188
145,412.6,1.35687,2.98941,0.31349,1.18012,1.15033,0.29644,0.23116,0.18868,0.0624,0.26063,0.18804,0.17265,0.09625,2.37335,5.24679,0.26638,2.50078,1.79055,0.000359,0.000359,0.000359
146,414.755,1.31598,2.8509,0.28324,1.13955,1.11749,0.24338,0.23175,0.18776,0.07092,0.2403,0.18699,0.17759,0.09665,2.3957,5.26284,0.26586,2.48222,1.80883,0.000352812,0.000352812,0.000352812
147,416.895,1.33199,3.04974,0.31019,1.18269,1.15485,0.24586,0.24141,0.18332,0.07068,0.23024,0.18804,0.17148,0.10055,2.40744,5.29226,0.2696,2.52452,1.83104,0.000346625,0.000346625,0.000346625
148,418.892,1.3829,3.00515,0.29041,1.18986,1.15515,0.2436,0.22091,0.18879,0.08081,0.22555,0.19421,0.16691,0.08475,2.4455,5.35152,0.27929,2.55704,1.86323,0.000340438,0.000340438,0.000340438
149,420.915,1.3899,3.04418,0.27015,1.18787,1.13228,0.2436,0.22091,0.18879,0.08081,0.22555,0.19421,0.16691,0.08475,2.4455,5.35152,0.27929,2.55704,1.86323,0.00033425,0.00033425,0.00033425
150,423.319,1.44453,3.15243,0.26829,1.20929,1.13946,0.24381,0.20729,0.20059,0.08778,0.23572,0.18627,0.16915,0.08104,2.45194,5.39249,0.28421,2.54434,1.85934,0.000328063,0.000328063,0.000328063
151,426.249,1.34349,3.00009,0.29243,1.14095,1.13074,0.26117,0.2204,0.19146,0.08907,0.18929,0.23347,0.14639,0.0791,2.44445,5.35921,0.27857,2.53006,1.84622,0.000321875,0.000321875,0.000321875
152,429.61,1.32893,2.88212,0.27836,1.15127,1.11671,0.24429,0.22891,0.18978,0.08388,0.19773,0.23117,0.12685,0.06317,2.48245,5.36499,0.27609,2.54285,1.86544,0.000315687,0.000315687,0.000315687
153,432.505,1.32799,2.91441,0.29645,1.1668,1.11933,0.24429,0.22891,0.18978,0.08388,0.19773,0.23117,0.12685,0.06317,2.48245,5.36499,0.27609,2.54285,1.86544,0.0003095,0.0003095,0.0003095
154,434.497,1.31177,2.87791,0.28003,1.13491,1.10599,0.24448,0.24017,0.19238,0.07898,0.22375,0.2406,0.12958,0.0665,2.48836,5.36614,0.27129,2.53654,1.87402,0.000303313,0.000303313,0.000303313
155,436.504,1.30407,2.93142,0.30791,1.14687,1.13732,0.26721,0.19824,0.18372,0.07363,0.23922,0.18859,0.17297,0.08123,2.47306,5.38695,0.27325,2.54445,1.85925,0.000297125,0.000297125,0.000297125
156,438.601,1.27159,2.77471,0.2915,1.12025,1.11618,0.23044,0.21127,0.17776,0.06629,0.21806,0.20843,0.16955,0.09081,2.44979,5.44304,0.27912,2.59554,1.84755,0.000290937,0.000290937,0.000290937
157,440.7,1.33068,2.96381,0.29283,1.17402,1.14253,0.23044,0.21127,0.17776,0.06629,0.21806,0.20843,0.16955,0.09081,2.44979,5.44304,0.27912,2.59554,1.84755,0.00028475,0.00028475,0.00028475
158,442.915,1.26639,2.85448,0.30309,1.10182,1.12279,0.24581,0.22205,0.17896,0.06623,0.23746,0.20955,0.16791,0.09557,2.44974,5.50352,0.28836,2.63146,1.85188,0.000278562,0.000278562,0.000278562
159,445.874,1.31503,2.95551,0.30448,1.14029,1.12612,0.243,0.20843,0.1775,0.06818,0.2385,0.20386,0.16836,0.08165,2.4729,5.54237,0.29475,2.66402,1.87333,0.000272375,0.000272375,0.000272375
160,449.191,1.26778,2.77334,0.28536,1.10195,1.10677,0.22372,0.21294,0.16641,0.06724,0.22508,0.20646,0.14864,0.06652,2.50156,5.54943,0.29802,2.67815,1.8961,0.000266187,0.000266187,0.000266187
161,451.792,1.29349,2.91081,0.29029,1.14523,1.12226,0.22372,0.21294,0.16641,0.06724,0.22508,0.20646,0.14864,0.06652,2.50156,5.54943,0.29802,2.67815,1.8961,0.00026,0.00026,0.00026
162,453.824,1.27572,2.74521,0.26696,1.0874,1.10224,0.22943,0.20559,0.16678,0.07069,0.24334,0.18516,0.14951,0.05974,2.51462,5.53704,0.29489,2.68245,1.92103,0.000253812,0.000253812,0.000253812
163,455.928,1.40196,3.07137,0.29725,1.17336,1.1458,0.24051,0.21878,0.17639,0.07902,0.22333,0.19431,0.16604,0.06102,2.51409,5.48364,0.28525,2.64273,1.92015,0.000247625,0.000247625,0.000247625
164,458.026,1.30374,2.70829,0.30356,1.13431,1.14383,0.25505,0.22348,0.17817,0.07681,0.23728,0.21738,0.17113,0.06504,2.48213,5.41403,0.27423,2.59814,1.89628,0.000241438,0.000241438,0.000241438
165,460.071,1.27864,2.74011,0.29139,1.11444,1.11972,0.25505,0.22348,0.17817,0.07681,0.23728,0.21738,0.17113,0.06504,2.48213,5.41403,0.27423,2.59814,1.89628,0.00023525,0.00023525,0.00023525
166,462.709,1.28237,2.6897,0.28764,1.10907,1.12326,0.29191,0.2146,0.18007,0.07384,0.29273,0.2066,0.17588,0.07934,2.42664,5.38334,0.27006,2.57366,1.86581,0.000229063,0.000229063,0.000229063
167,465.829,1.33948,2.82426,0.27474,1.11319,1.11599,0.26687,0.23106,0.18177,0.07709,0.3021,0.22022,0.18086,0.09153,2.40391,5.37881,0.26757,2.56528,1.85125,0.000222875,0.000222875,0.000222875
168,469.129,1.34716,2.91133,0.29265,1.13946,1.14141,0.27915,0.2339,0.1842,0.07716,0.28242,0.22022,0.17964,0.10412,2.40253,5.35105,0.26459,2.53022,1.83531,0.000216688,0.000216688,0.000216688
169,471.936,1.3202,2.85085,0.26551,1.11034,1.10525,0.27915,0.2339,0.1842,0.07716,0.28242,0.22022,0.17964,0.10412,2.40253,5.35105,0.26459,2.53022,1.83531,0.0002105,0.0002105,0.0002105
170,474.091,1.29189,2.77816,0.29199,1.09499,1.12101,0.28286,0.24009,0.18833,0.07502,0.28441,0.22683,0.1834,0.09746,2.42876,5.33666,0.26476,2.52149,1.83969,0.000204313,0.000204313,0.000204313
171,476.211,1.31709,2.80121,0.29041,1.11822,1.12681,0.27034,0.22714,0.18433,0.06676,0.27587,0.21959,0.17975,0.09222,2.44003,5.33208,0.26596,2.51262,1.83812,0.000198125,0.000198125,0.000198125
172,478.33,1.2375,2.66669,0.30167,1.05967,1.09837,0.26694,0.22596,0.19279,0.07333,0.27112,0.22129,0.18061,0.09175,2.44289,5.31847,0.26653,2.50043,1.82907,0.000191938,0.000191938,0.000191938
173,480.563,1.26324,2.74261,0.30383,1.08432,1.11514,0.26694,0.22596,0.19279,0.07333,0.27112,0.22129,0.18061,0.09175,2.44289,5.31847,0.26653,2.50043,1.82907,0.00018575,0.00018575,0.00018575
174,482.856,1.23555,2.66011,0.28793,1.09213,1.10788,0.25975,0.20837,0.1847,0.07252,0.26383,0.22972,0.18671,0.09331,2.43597,5.28341,0.26182,2.49214,1.81478,0.000179563,0.000179563,0.000179563
175,486.009,1.30585,2.77726,0.27917,1.09089,1.0966,0.26541,0.2273,0.18571,0.07282,0.26443,0.22188,0.18346,0.09052,2.43061,5.27111,0.26067,2.50257,1.81147,0.000173375,0.000173375,0.000173375
176,489.103,1.3173,2.87281,0.31351,1.12719,1.13833,0.27537,0.2339,0.18602,0.0741,0.28003,0.24173,0.1851,0.09077,2.45043,5.2723,0.26172,2.52517,1.82089,0.000167188,0.000167188,0.000167188
177,492.133,1.33646,2.86505,0.27895,1.09036,1.10152,0.27537,0.2339,0.18602,0.0741,0.28003,0.24173,0.1851,0.09077,2.45043,5.2723,0.26172,2.52517,1.82089,0.000161,0.000161,0.000161
178,494.208,1.24493,2.67489,0.29248,1.082,1.10198,0.24463,0.23331,0.18748,0.06842,0.24415,0.21614,0.18752,0.09815,2.44359,5.2685,0.26084,2.54987,1.81809,0.000154812,0.000154812,0.000154812
179,496.349,1.28369,2.73335,0.277,1.09118,1.10927,0.24402,0.23466,0.18324,0.06744,0.23684,0.21448,0.18169,0.10232,2.44693,5.28089,0.26233,2.56494,1.82507,0.000148625,0.000148625,0.000148625
180,498.502,1.30838,2.80287,0.28159,1.09272,1.11282,0.2611,0.23432,0.17999,0.0718,0.25333,0.21431,0.18224,0.09513,2.44342,5.29329,0.26272,2.55888,1.83192,0.000142437,0.000142437,0.000142437
181,500.535,1.30135,2.84925,0.2941,1.11819,1.13954,0.2611,0.23432,0.17999,0.0718,0.25333,0.21431,0.18224,0.09513,2.44342,5.29329,0.26272,2.55888,1.83192,0.00013625,0.00013625,0.00013625
182,502.804,1.23633,2.65839,0.27551,1.05729,1.10337,0.26356,0.23164,0.17902,0.06398,0.25126,0.20713,0.18054,0.09418,2.44796,5.27395,0.25866,2.55181,1.83915,0.000130062,0.000130062,0.000130062
183,505.903,1.29321,2.76548,0.28349,1.086,1.09944,0.26238,0.22087,0.17627,0.06278,0.25344,0.21336,0.17841,0.09652,2.43957,5.2577,0.25961,2.56231,1.83872,0.000123875,0.000123875,0.000123875
184,509.121,1.27371,2.7162,0.29055,1.08979,1.10463,0.26697,0.24528,0.17527,0.06089,0.26132,0.22586,0.17437,0.09475,2.43581,5.25577,0.25868,2.57586,1.84726,0.000117687,0.000117687,0.000117687
185,511.956,1.30009,2.74515,0.28133,1.0993,1.11291,0.26697,0.24528,0.17527,0.06089,0.26132,0.22586,0.17437,0.09475,2.43581,5.25577,0.25868,2.57586,1.84726,0.0001115,0.0001115,0.0001115
186,514.107,1.28941,2.76775,0.29459,1.11093,1.13353,0.26836,0.24193,0.17827,0.06323,0.25955,0.22095,0.17268,0.09514,2.43197,5.24679,0.25537,2.58592,1.8519,0.000105312,0.000105312,0.000105312
187,516.208,1.22677,2.66051,0.28865,1.06359,1.12189,0.27593,0.25435,0.18012,0.06851,0.26307,0.22975,0.17406,0.09552,2.43192,5.25122,0.25781,2.59088,1.85317,9.9125e-05,9.9125e-05,9.9125e-05
188,518.274,1.33362,2.76099,0.29021,1.09635,1.1089,0.27183,0.25504,0.18073,0.0686,0.26128,0.22769,0.16861,0.0947,2.43744,5.23372,0.25831,2.59841,1.85773,9.29375e-05,9.29375e-05,9.29375e-05
189,520.402,1.26162,2.63162,0.26988,1.0508,1.09752,0.27183,0.25504,0.18073,0.0686,0.26128,0.22769,0.16861,0.0947,2.43744,5.23372,0.25831,2.59841,1.85773,8.675e-05,8.675e-05,8.675e-05
190,522.846,1.3247,2.81337,0.27988,1.12434,1.11175,0.26813,0.23676,0.18082,0.06839,0.26068,0.22308,0.16879,0.09517,2.44568,5.23947,0.26092,2.60058,1.85968,8.05625e-05,8.05625e-05,8.05625e-05
191,533.768,1.33359,2.66012,0.15547,1.34466,1.13003,0.2498,0.25151,0.18141,0.07075,0.23611,0.21283,0.1747,0.09267,2.44787,5.21148,0.25513,2.58491,1.86167,7.4375e-05,7.4375e-05,7.4375e-05
192,539.929,1.3092,2.49414,0.17809,1.2679,1.13342,0.26442,0.24836,0.18256,0.07088,0.25532,0.22817,0.17459,0.09298,2.42746,5.20951,0.2456,2.56331,1.83833,6.81875e-05,6.81875e-05,6.81875e-05
193,546.065,1.45028,2.76863,0.18131,1.4039,1.1838,0.26442,0.24836,0.18256,0.07088,0.25532,0.22817,0.17459,0.09298,2.42746,5.20951,0.2456,2.56331,1.83833,6.2e-05,6.2e-05,6.2e-05
194,552.502,1.37927,2.64958,0.17351,1.28648,1.15813,0.26023,0.26349,0.18143,0.0698,0.25075,0.23043,0.17381,0.09463,2.42553,5.1965,0.23581,2.54641,1.84126,5.58125e-05,5.58125e-05,5.58125e-05
195,556.771,1.32731,2.39322,0.16667,1.31091,1.12554,0.25387,0.24979,0.18106,0.07111,0.24683,0.21631,0.17355,0.09394,2.41177,5.16719,0.22893,2.53424,1.83007,4.9625e-05,4.9625e-05,4.9625e-05
196,560.79,1.27862,2.48339,0.18655,1.23349,1.13366,0.25311,0.25429,0.17936,0.07038,0.26341,0.22461,0.17142,0.09282,2.42147,5.14421,0.22201,2.52896,1.84235,4.34375e-05,4.34375e-05,4.34375e-05
197,564.025,1.29526,2.51009,0.21215,1.3225,1.16208,0.25311,0.25429,0.17936,0.07038,0.26341,0.22461,0.17142,0.09282,2.42147,5.14421,0.22201,2.52896,1.84235,3.725e-05,3.725e-05,3.725e-05
198,568.185,1.31979,2.51643,0.1708,1.20966,1.14213,0.26096,0.25204,0.17969,0.0702,0.25983,0.22758,0.17001,0.09191,2.41019,5.11453,0.21736,2.52928,1.82762,3.10625e-05,3.10625e-05,3.10625e-05
199,572.96,1.30525,2.50975,0.17905,1.25627,1.136,0.2695,0.25204,0.17945,0.06634,0.26777,0.24016,0.17247,0.09268,2.41146,5.10335,0.21578,2.53177,1.82528,2.4875e-05,2.4875e-05,2.4875e-05
200,576.014,1.28514,2.46645,0.17298,1.18368,1.11435,0.26789,0.2441,0.18056,0.06643,0.27142,0.24358,0.17275,0.09294,2.40665,5.08992,0.21173,2.53172,1.81903,1.86875e-05,1.86875e-05,1.86875e-05
